{"kind":"APIResourceList","apiVersion":"v1","groupVersion":"argoproj.io/v1alpha1","resources":[{"name":"applicationsets","singularName":"applicationset","namespaced":true,"kind":"ApplicationSet","verbs":["delete","deletecollection","get","list","patch","create","update","watch"],"shortNames":["appset","appsets"],"storageVersionHash":"aaUQCD/yGd0="},{"name":"applicationsets/status","singularName":"","namespaced":true,"kind":"ApplicationSet","verbs":["get","patch","update"]},{"name":"appprojects","singularName":"appproject","namespaced":true,"kind":"AppProject","verbs":["delete","deletecollection","get","list","patch","create","update","watch"],"shortNames":["appproj","appprojs"],"storageVersionHash":"aI45W0YuhVE="},{"name":"applications","singularName":"application","namespaced":true,"kind":"Application","verbs":["delete","deletecollection","get","list","patch","create","update","watch"],"shortNames":["app","apps"],"storageVersionHash":"PVzHEyjMffI="}]}
