{"kind":"APIResourceList","apiVersion":"v1","groupVersion":"argoproj.io/v1alpha1","resources":[{"name":"applicationsets","singularName":"applicationset","namespaced":true,"kind":"ApplicationSet","verbs":["delete","deletecollection","get","list","patch","create","update","watch"],"shortNames":["appset","appsets"],"storageVersionHash":"aaUQCD/yGd0="},{"name":"applicationsets/status","singularName":"","namespaced":true,"kind":"ApplicationSet","verbs":["get","patch","update"]},{"name":"experiments","singularName":"experiment","namespaced":true,"kind":"Experiment","verbs":["delete","deletecollection","get","list","patch","create","update","watch"],"shortNames":["exp"],"storageVersionHash":"brHhnjwixSk="},{"name":"clusteranalysistemplates","singularName":"clusteranalysistemplate","namespaced":false,"kind":"ClusterAnalysisTemplate","verbs":["delete","deletecollection","get","list","patch","create","update","watch"],"shortNames":["cat"],"storageVersionHash":"1pyZBdPOXlU="},{"name":"rollouts","singularName":"rollout","namespaced":true,"kind":"Rollout","verbs":["delete","deletecollection","get","list","patch","create","update","watch"],"shortNames":["ro"],"storageVersionHash":"T0mdNo50nFA="},{"name":"rollouts/status","singularName":"","namespaced":true,"kind":"Rollout","verbs":["get","patch","update"]},{"name":"rollouts/scale","singularName":"","namespaced":true,"group":"autoscaling","version":"v1","kind":"Scale","verbs":["get","patch","update"]},{"name":"applications","singularName":"application","namespaced":true,"kind":"Application","verbs":["delete","deletecollection","get","list","patch","create","update","watch"],"shortNames":["app","apps"],"storageVersionHash":"PVzHEyjMffI="},{"name":"appprojects","singularName":"appproject","namespaced":true,"kind":"AppProject","verbs":["delete","deletecollection","get","list","patch","create","update","watch"],"shortNames":["appproj","appprojs"],"storageVersionHash":"aI45W0YuhVE="},{"name":"analysisruns","singularName":"analysisrun","namespaced":true,"kind":"AnalysisRun","verbs":["delete","deletecollection","get","list","patch","create","update","watch"],"shortNames":["ar"],"storageVersionHash":"xYalUTqk3oY="},{"name":"analysistemplates","singularName":"analysistemplate","namespaced":true,"kind":"AnalysisTemplate","verbs":["delete","deletecollection","get","list","patch","create","update","watch"],"shortNames":["at"],"storageVersionHash":"MZzSbbi1hbI="}]}
