{"kind":"APIResourceList","apiVersion":"v1","groupVersion":"cert-manager.io/v1","resources":[{"name":"clusterissuers","singularName":"clusterissuer","namespaced":false,"kind":"ClusterIssuer","verbs":["delete","deletecollection","get","list","patch","create","update","watch"],"categories":["cert-manager"],"storageVersionHash":"IJyJPITm/AY="},{"name":"clusterissuers/status","singularName":"","namespaced":false,"kind":"ClusterIssuer","verbs":["get","patch","update"]},{"name":"issuers","singularName":"issuer","namespaced":true,"kind":"Issuer","verbs":["delete","deletecollection","get","list","patch","create","update","watch"],"categories":["cert-manager"],"storageVersionHash":"P8OOH0cQiDA="},{"name":"issuers/status","singularName":"","namespaced":true,"kind":"Issuer","verbs":["get","patch","update"]},{"name":"certificates","singularName":"certificate","namespaced":true,"kind":"Certificate","verbs":["delete","deletecollection","get","list","patch","create","update","watch"],"shortNames":["cert","certs"],"categories":["cert-manager"],"storageVersionHash":"QwYBQGuMyKo="},{"name":"certificates/status","singularName":"","namespaced":true,"kind":"Certificate","verbs":["get","patch","update"]},{"name":"certificaterequests","singularName":"certificaterequest","namespaced":true,"kind":"CertificateRequest","verbs":["delete","deletecollection","get","list","patch","create","update","watch"],"shortNames":["cr","crs"],"categories":["cert-manager"],"storageVersionHash":"tuxiikMaACg="},{"name":"certificaterequests/status","singularName":"","namespaced":true,"kind":"CertificateRequest","verbs":["get","patch","update"]}]}
