{"kind":"APIResourceList","apiVersion":"v1","groupVersion":"acme.cert-manager.io/v1","resources":[{"name":"challenges","singularName":"challenge","namespaced":true,"kind":"Challenge","verbs":["delete","deletecollection","get","list","patch","create","update","watch"],"categories":["cert-manager","cert-manager-acme"],"storageVersionHash":"T6RvmdSxRBY="},{"name":"challenges/status","singularName":"","namespaced":true,"kind":"Challenge","verbs":["get","patch","update"]},{"name":"orders","singularName":"order","namespaced":true,"kind":"Order","verbs":["delete","deletecollection","get","list","patch","create","update","watch"],"categories":["cert-manager","cert-manager-acme"],"storageVersionHash":"FQscJvYs/a4="},{"name":"orders/status","singularName":"","namespaced":true,"kind":"Order","verbs":["get","patch","update"]}]}
